[
    {
        "Task_name": "Make a visual presentation of the women 2030 report following the description given - ",
        "Task_Id": "34903000001978148",
        "Task_priority": "3",
        "Task_assignee": "Shreya Shinde",
        "Task_assignee_id": "60026340548",
        "Task_due_type": "isOverDue",
        "Task_partition_id": "34903000000410171",
        "Task_partition_name": "1.0 Kriya",
        "Task_duedate": "24 Nov 2023, 11:59 PM",
        "Task_startdate": "21 Nov 2023, 04:42 PM"
    },
    {
        "Task_name": "Postlogin page refinement - Badges",
        "Task_Id": "34903000002168236",
        "Task_priority": "0",
        "Task_assignee": "Aiswarya C B",
        "Task_assignee_id": "60021213178",
        "Task_due_type": "isOverDue",
        "Task_partition_id": "34903000000660436",
        "Task_partition_name": "7.2.1 VONGster Life Cycle Management",
        "Task_duedate": "25 Jan 2024, 11:59 PM",
        "Task_startdate": "06 Jan, 04:06 PM"
    },
    {
        "Task_name": "Postlogin page refinement - Calender",
        "Task_Id": "34903000002168156",
        "Task_priority": "0",
        "Task_assignee": "Aiswarya C B",
        "Task_assignee_id": "60021213178",
        "Task_due_type": "isOverDue",
        "Task_partition_id": "34903000000660436",
        "Task_partition_name": "7.2.1 VONGster Life Cycle Management",
        "Task_duedate": "25 Jan 2024, 11:59 PM",
        "Task_startdate": "06 Jan, 04:04 PM"
    },
    {
        "Task_name": "Postlogin page refinement - Footer",
        "Task_Id": "34903000002168176",
        "Task_priority": "0",
        "Task_assignee": "sanjana reddy",
        "Task_assignee_id": "60024184179",
        "Task_due_type": "isOverDue",
        "Task_partition_id": "34903000000660436",
        "Task_partition_name": "7.2.1 VONGster Life Cycle Management",
        "Task_duedate": "25 Jan 2024, 11:59 PM",
        "Task_startdate": "06 Jan, 04:05 PM"
    },
    {
        "Task_name": "Postlogin page refinement - Reports",
        "Task_Id": "34903000002168216",
        "Task_priority": "0",
        "Task_assignee": "AUSTIN SABU",
        "Task_assignee_id": "60025224246",
        "Task_due_type": "isOverDue",
        "Task_partition_id": "34903000000660436",
        "Task_partition_name": "7.2.1 VONGster Life Cycle Management",
        "Task_duedate": "25 Jan 2024, 11:59 PM",
        "Task_startdate": "06 Jan, 04:05 PM"
    },
    {
        "Task_name": "Prelogin Page - Latest Event",
        "Task_Id": "34903000002168030",
        "Task_priority": "0",
        "Task_assignee": "Aiswarya C B",
        "Task_assignee_id": "60021213178",
        "Task_due_type": "isOverDue",
        "Task_partition_id": "34903000000660436",
        "Task_partition_name": "7.2.1 VONGster Life Cycle Management",
        "Task_duedate": "25 Jan 2024, 11:59 PM",
        "Task_startdate": "06 Jan, 03:58 PM"
    },
    {
        "Task_name": "Prelogin Page - LeaderBoard",
        "Task_Id": "34903000002168050",
        "Task_priority": "0",
        "Task_assignee": "Vaibhav Kand",
        "Task_assignee_id": "60026595871",
        "Task_due_type": "isOverDue",
        "Task_partition_id": "34903000000660436",
        "Task_partition_name": "7.2.1 VONGster Life Cycle Management",
        "Task_duedate": "25 Jan 2024, 11:59 PM",
        "Task_startdate": "06 Jan, 03:59 PM"
    },
    {
        "Task_name": "Prelogin Page -Header",
        "Task_Id": "34903000002168010",
        "Task_priority": "0",
        "Task_assignee": "sanjana reddy",
        "Task_assignee_id": "60024184179",
        "Task_due_type": "isOverDue",
        "Task_partition_id": "34903000000660436",
        "Task_partition_name": "7.2.1 VONGster Life Cycle Management",
        "Task_duedate": "25 Jan 2024, 11:59 PM",
        "Task_startdate": "06 Jan, 03:58 PM"
    },
    {
        "Task_name": "Prelogin page- Photo Gallery",
        "Task_Id": "34903000002168070",
        "Task_priority": "0",
        "Task_assignee": "Vidhee Shetty",
        "Task_assignee_id": "60023474727",
        "Task_due_type": "isOverDue",
        "Task_partition_id": "34903000000660436",
        "Task_partition_name": "7.2.1 VONGster Life Cycle Management",
        "Task_duedate": "25 Jan 2024, 11:59 PM",
        "Task_startdate": "06 Jan, 04:00 PM"
    },
    {
        "Task_name": "Student profile creation",
        "Task_Id": "34903000001764093",
        "Task_priority": "0",
        "Task_assignee": "Aiswarya C B",
        "Task_assignee_id": "60021213178",
        "Task_due_type": "isOverDue",
        "Task_partition_id": "34903000000660436",
        "Task_partition_name": "7.2.1 VONGster Life Cycle Management",
        "Task_duedate": "25 Jan 2024, 11:59 PM",
        "Task_startdate": "18 Oct 2023, 09:17 PM"
    },
    {
        "Task_name": "TODO list from zoho",
        "Task_Id": "34903000002088742",
        "Task_priority": "3",
        "Task_assignee": "AUSTIN SABU",
        "Task_assignee_id": "60025224246",
        "Task_due_type": "isTodayDue",
        "Task_partition_id": "34903000000713251",
        "Task_partition_name": "7.2.2 Vongles Workflow Management",
        "Task_duedate": "30 Jan 2024, 11:59 PM",
        "Task_startdate": "17 Dec 2023, 02:03 PM"
    },
    {
        "Task_name": "Code for automatic uploading of backups",
        "Task_Id": "34903000001965170",
        "Task_priority": "2",
        "Task_assignee": "AUSTIN SABU",
        "Task_assignee_id": "60025224246",
        "Task_due_type": "isUpcomingDue",
        "Task_partition_id": "34903000000713251",
        "Task_partition_name": "7.2.2 Vongles Workflow Management",
        "Task_duedate": "31 Jan 2024, 11:59 PM",
        "Task_startdate": "17 Nov 2023, 11:10 PM"
    },
    {
        "Task_name": "Generate code for youtube analytics",
        "Task_Id": "34903000001709082",
        "Task_priority": "0",
        "Task_assignee": "sanjana reddy",
        "Task_assignee_id": "60024184179",
        "Task_due_type": "isUpcomingDue",
        "Task_partition_id": "34903000000713251",
        "Task_partition_name": "7.2.2 Vongles Workflow Management",
        "Task_duedate": "31 Jan 2024, 11:59 PM",
        "Task_startdate": "07 Oct 2023, 09:49 PM"
    },
    {
        "Task_name": "Generate easy access daily report of activity in hub",
        "Task_Id": "34903000001893248",
        "Task_priority": "0",
        "Task_assignee": "Vidhee Shetty",
        "Task_assignee_id": "60023474727",
        "Task_due_type": "isUpcomingDue",
        "Task_partition_id": "34903000000660436",
        "Task_partition_name": "7.2.1 VONGster Life Cycle Management",
        "Task_duedate": "31 Jan 2024, 11:59 PM",
        "Task_startdate": "06 Nov 2023, 11:15 PM"
    },
    {
        "Task_name": "Google Drive Automation",
        "Task_Id": "34903000002210513",
        "Task_priority": "0",
        "Task_assignee": "sanjana reddy",
        "Task_assignee_id": "60024184179",
        "Task_due_type": "isUpcomingDue",
        "Task_partition_id": "34903000000713251",
        "Task_partition_name": "7.2.2 Vongles Workflow Management",
        "Task_duedate": "31 Jan 2024, 11:59 PM",
        "Task_startdate": "22 Jan, 09:37 PM"
    },
    {
        "Task_name": "Reports from zoho about pending task",
        "Task_Id": "34903000001709160",
        "Task_priority": "2",
        "Task_assignee": "AUSTIN SABU",
        "Task_assignee_id": "60025224246",
        "Task_due_type": "isUpcomingDue",
        "Task_partition_id": "34903000000713251",
        "Task_partition_name": "7.2.2 Vongles Workflow Management",
        "Task_duedate": "31 Jan 2024, 11:59 PM",
        "Task_startdate": "07 Oct 2023, 09:56 PM"
    },
    {
        "Task_name": "Setup the workflow for leave automation",
        "Task_Id": "34903000001965006",
        "Task_priority": "3",
        "Task_assignee": "Aiswarya C B",
        "Task_assignee_id": "60021213178",
        "Task_due_type": "isUpcomingDue",
        "Task_partition_id": "34903000000713251",
        "Task_partition_name": "7.2.2 Vongles Workflow Management",
        "Task_duedate": "31 Jan 2024, 11:59 PM",
        "Task_startdate": "17 Nov 2023, 10:15 PM"
    },
    {
        "Task_name": "Server Backup system",
        "Task_Id": "34903000002168324",
        "Task_priority": "0",
        "Task_assignee": "Aiswarya C B",
        "Task_assignee_id": "60021213178",
        "Task_due_type": "isUpcomingDue",
        "Task_partition_id": "34903000000713251",
        "Task_partition_name": "7.2.2 Vongles Workflow Management",
        "Task_duedate": "05 Feb 2024, 11:59 PM",
        "Task_startdate": "06 Jan, 04:09 PM"
    },
    {
        "Task_name": "Implement HRMS for digitalizing Appraisal system KRA and KPI",
        "Task_Id": "34903000001965130",
        "Task_priority": "2",
        "Task_assignee": "Shivp8601 Patel",
        "Task_assignee_id": "60026561892",
        "Task_due_type": "isUpcomingDue",
        "Task_partition_id": "34903000000713251",
        "Task_partition_name": "7.2.2 Vongles Workflow Management",
        "Task_duedate": "15 Feb 2024, 11:59 PM",
        "Task_startdate": "17 Nov 2023, 11:08 PM"
    },
    {
        "Task_name": "social media plugin architecture",
        "Task_Id": "34903000001634171",
        "Task_priority": "0",
        "Task_assignee": "Shivp8601 Patel",
        "Task_assignee_id": "60026561892",
        "Task_due_type": "isUpcomingDue",
        "Task_partition_id": "34903000000660436",
        "Task_partition_name": "7.2.1 VONGster Life Cycle Management",
        "Task_duedate": "15 Feb 2024, 11:59 PM",
        "Task_startdate": "20 Sep 2023, 05:44 PM"
    },
    {
        "Task_name": "Student profile integration with hub",
        "Task_Id": "34903000002168260",
        "Task_priority": "0",
        "Task_assignee": "Aiswarya C B",
        "Task_assignee_id": "60021213178",
        "Task_due_type": "isUpcomingDue",
        "Task_partition_id": "34903000000660436",
        "Task_partition_name": "7.2.1 VONGster Life Cycle Management",
        "Task_duedate": "15 Feb 2024, 11:59 PM",
        "Task_startdate": "06 Jan, 04:06 PM"
    },
    {
        "Task_name": "Setup Ldap server for connecting both zoho and hrms",
        "Task_Id": "34903000001716010",
        "Task_priority": "3",
        "Task_assignee": "Aiswarya C B",
        "Task_assignee_id": "60021213178",
        "Task_due_type": "isUpcomingDue",
        "Task_partition_id": "34903000000713251",
        "Task_partition_name": "7.2.2 Vongles Workflow Management",
        "Task_duedate": "29 Feb 2024, 11:59 PM",
        "Task_startdate": "09 Oct 2023, 10:40 PM"
    },
    {
        "Task_name": "Create the Scenarios for hub",
        "Task_Id": "34903000001998726",
        "Task_priority": "0",
        "Task_assignee": "Vidhee Shetty",
        "Task_assignee_id": "60023474727",
        "Task_due_type": "Not Assigned",
        "Task_partition_id": "34903000000660436",
        "Task_partition_name": "7.2.1 VONGster Life Cycle Management",
        "Task_duedate": "NoNe",
        "Task_startdate": "24 Nov 2023, 07:57 PM"
    },
    {
        "Task_name": "Find outside courses for hub",
        "Task_Id": "34903000002059756",
        "Task_priority": "0",
        "Task_assignee": "Aiswarya C B",
        "Task_assignee_id": "60021213178",
        "Task_due_type": "Not Assigned",
        "Task_partition_id": "34903000000660436",
        "Task_partition_name": "7.2.1 VONGster Life Cycle Management",
        "Task_duedate": "NoNe",
        "Task_startdate": "12 Dec 2023, 10:50 PM"
    },
    {
        "Task_name": "Social media scheduler- Socioboard",
        "Task_Id": "34903000001997512",
        "Task_priority": "0",
        "Task_assignee": "Shivp8601 Patel",
        "Task_assignee_id": "60026561892",
        "Task_due_type": "Not Assigned",
        "Task_partition_id": "34903000000660436",
        "Task_partition_name": "7.2.1 VONGster Life Cycle Management",
        "Task_duedate": "NoNe",
        "Task_startdate": "28 Nov 2023, 10:09 PM"
    },
    {
        "Task_name": "The VONG\u00a0Badge",
        "Task_Id": "34903000002053342",
        "Task_priority": "2",
        "Task_assignee": "Rutuja Landge",
        "Task_assignee_id": "60023938543",
        "Task_due_type": "Not Assigned",
        "Task_partition_id": "34903000000410171",
        "Task_partition_name": "1.0 Kriya",
        "Task_duedate": "NoNe",
        "Task_startdate": "08 Dec 2023, 09:28 PM"
    },
    {
        "Task_name": "to be uploaded on vong hug",
        "Task_Id": "34903000001609070",
        "Task_priority": "0",
        "Task_assignee": "Daniel Gb",
        "Task_assignee_id": "60021839928",
        "Task_due_type": "Not Assigned",
        "Task_partition_id": "34903000000410171",
        "Task_partition_name": "1.0 Kriya",
        "Task_duedate": "NoNe",
        "Task_startdate": "12 Sep 2023, 11:13 AM"
    },
    {
        "Task_name": "To consider 3 month internship model for institutional partnership",
        "Task_Id": "34903000001911022",
        "Task_priority": "0",
        "Task_assignee": "Swastik Rajput",
        "Task_assignee_id": "60014967271",
        "Task_due_type": "Not Assigned",
        "Task_partition_id": "34903000000410171",
        "Task_partition_name": "1.0 Kriya",
        "Task_duedate": "NoNe",
        "Task_startdate": "08 Nov 2023, 05:37 PM"
    },
    {
        "Task_name": "To get updates on SPM process",
        "Task_Id": "34903000001680234",
        "Task_priority": "0",
        "Task_assignee": "Rutuja Landge",
        "Task_assignee_id": "60023938543",
        "Task_due_type": "Not Assigned",
        "Task_partition_id": "34903000000410171",
        "Task_partition_name": "1.0 Kriya",
        "Task_duedate": "NoNe",
        "Task_startdate": "28 Sep 2023, 10:54 PM"
    },
    {
        "Task_name": "To refine at least one process",
        "Task_Id": "34903000002025060",
        "Task_priority": "0",
        "Task_assignee": "Rutuja Landge",
        "Task_assignee_id": "60023938543",
        "Task_due_type": "Not Assigned",
        "Task_partition_id": "34903000000410171",
        "Task_partition_name": "1.0 Kriya",
        "Task_duedate": "NoNe",
        "Task_startdate": "29 Nov 2023, 07:22 PM"
    }
]